step,elapsed_ps_from_stage_c_start,continuous_temperature_K,split_temperature_K,temperature_difference_split_minus_continuous_K,continuous_total_energy_kcal_mol,split_total_energy_kcal_mol,total_energy_difference_split_minus_continuous_kcal_mol,continuous_com_speed_A_fs,split_com_speed_A_fs
22000,0.0,400.04609,400.04609,0.0,-33189.717,-33189.717,0.0,8.2330165e-20,8.2330165e-20
23000,1.0,405.51465,405.51465,0.0,-33188.452,-33188.452,0.0,8.9018844e-19,8.9018844e-19
24000,2.0,400.10536,400.10536,0.0,-33188.35,-33188.35,0.0,9.0073605e-19,9.0073605e-19
25000,3.0,404.4029,404.4029,0.0,-33189.41,-33189.41,0.0,1.3566267e-18,1.3566267e-18
26000,4.0,403.88465,403.88465,0.0,-33189.523,-33189.523,0.0,1.116133e-18,1.116133e-18
27000,5.0,408.89285,408.8029,-0.08994999999998754,-33189.827,-33192.239,-2.4120000000039,8.5978583e-19,7.8295793e-19
28000,6.0,400.36435,401.58564,1.2212900000000104,-33187.179,-33187.787,-0.6080000000001746,1.0750077e-18,1.1728883e-18
29000,7.0,399.81317,406.65232,6.839149999999961,-33189.09,-33188.932,0.15799999999580905,9.4349288e-19,1.263803e-18
30000,8.0,404.61724,401.8942,-2.723039999999969,-33189.039,-33189.562,-0.5230000000010477,1.1627637e-18,2.0640859e-18
31000,9.0,403.68855,400.24098,-3.4475700000000415,-33188.259,-33188.563,-0.3040000000037253,6.8238767e-19,1.3045779e-18
32000,10.0,402.44454,401.35377,-1.0907700000000204,-33187.167,-33190.222,-3.055000000000291,1.59989e-18,6.2884471e-19
