lag_time_ps,msd_A2
0.000000000000000000e+00,-3.272183604684530269e-10
1.000000000000000000e+00,2.144326746127322103e+00
2.000000000000000000e+00,3.721214621516499399e+00
3.000000000000000000e+00,5.260560970672925052e+00
4.000000000000000000e+00,6.785193180048449513e+00
5.000000000000000000e+00,8.306703312572883746e+00
6.000000000000000000e+00,9.830245972701021628e+00
7.000000000000000000e+00,1.134615238741049481e+01
8.000000000000000000e+00,1.286727856400531245e+01
9.000000000000000000e+00,1.437908274064460024e+01
1.000000000000000000e+01,1.588657793156877851e+01
1.100000000000000000e+01,1.738571477028204271e+01
1.200000000000000000e+01,1.889020858889166377e+01
1.300000000000000000e+01,2.039613533832329750e+01
1.400000000000000000e+01,2.189304316922755334e+01
1.500000000000000000e+01,2.339152989209914679e+01
1.600000000000000000e+01,2.488217890795028708e+01
1.700000000000000000e+01,2.637413434732077633e+01
1.800000000000000000e+01,2.786747744469528953e+01
1.900000000000000000e+01,2.936489897404149829e+01
2.000000000000000000e+01,3.086484175509410477e+01
2.100000000000000000e+01,3.236318133573815459e+01
2.200000000000000000e+01,3.386135572143968631e+01
2.300000000000000000e+01,3.535901658366252320e+01
2.400000000000000000e+01,3.685612675596951249e+01
2.500000000000000000e+01,3.834980757025285669e+01
2.600000000000000000e+01,3.983935781250173847e+01
2.700000000000000000e+01,4.132390297596096218e+01
2.800000000000000000e+01,4.281029855179293264e+01
2.900000000000000000e+01,4.429400303571986797e+01
3.000000000000000000e+01,4.577160782371038295e+01
3.100000000000000000e+01,4.725130930169154198e+01
3.200000000000000000e+01,4.873876770967142136e+01
3.300000000000000000e+01,5.022693474542272440e+01
3.400000000000000000e+01,5.170973677616413511e+01
3.500000000000000000e+01,5.319198724790516053e+01
3.600000000000000000e+01,5.467520435751587371e+01
3.700000000000000000e+01,5.616004115263580587e+01
3.800000000000000000e+01,5.764149968529049062e+01
3.900000000000000000e+01,5.912928974993094045e+01
4.000000000000000000e+01,6.061731017992575232e+01
4.100000000000000000e+01,6.210133541139476421e+01
4.200000000000000000e+01,6.359415434447755899e+01
4.300000000000000000e+01,6.508587438180472873e+01
4.400000000000000000e+01,6.657776387059007561e+01
4.500000000000000000e+01,6.807371361914550789e+01
4.600000000000000000e+01,6.956407422899241055e+01
4.700000000000000000e+01,7.105303462769106204e+01
4.800000000000000000e+01,7.254311281029696090e+01
4.900000000000000000e+01,7.403713606195874775e+01
5.000000000000000000e+01,7.553342212997996796e+01
5.100000000000000000e+01,7.702730122857049366e+01
5.200000000000000000e+01,7.851690875569754269e+01
5.300000000000000000e+01,8.001534405104477798e+01
5.400000000000000000e+01,8.151713755876858158e+01
5.500000000000000000e+01,8.301616585478090826e+01
5.600000000000000000e+01,8.451321463408375223e+01
5.700000000000000000e+01,8.600930893820158474e+01
5.800000000000000000e+01,8.751084727658307827e+01
5.900000000000000000e+01,8.901080740233621214e+01
6.000000000000000000e+01,9.050529314473510567e+01
6.100000000000000000e+01,9.199868678740831740e+01
6.200000000000000000e+01,9.348541813020005975e+01
6.300000000000000000e+01,9.497219103313469191e+01
6.400000000000000000e+01,9.646239999638147822e+01
6.500000000000000000e+01,9.795049885966679426e+01
6.600000000000000000e+01,9.944501416958374307e+01
6.700000000000000000e+01,1.009479440426825931e+02
6.800000000000000000e+01,1.024447148354619515e+02
6.900000000000000000e+01,1.039347978293135952e+02
7.000000000000000000e+01,1.054237160465074652e+02
7.100000000000000000e+01,1.069102343640631716e+02
7.200000000000000000e+01,1.084065902545098794e+02
7.300000000000000000e+01,1.099055470392761720e+02
7.400000000000000000e+01,1.113992249476120406e+02
7.500000000000000000e+01,1.128919548709687035e+02
7.600000000000000000e+01,1.143865131993340043e+02
7.700000000000000000e+01,1.158754801536979926e+02
7.800000000000000000e+01,1.173627991985986796e+02
7.900000000000000000e+01,1.188428806840569365e+02
8.000000000000000000e+01,1.203286365226995542e+02
8.100000000000000000e+01,1.218148826976740651e+02
8.200000000000000000e+01,1.233000862283575145e+02
8.300000000000000000e+01,1.247838173981508874e+02
8.400000000000000000e+01,1.262592621800850878e+02
8.500000000000000000e+01,1.277431957602735935e+02
8.600000000000000000e+01,1.292233188649342708e+02
8.700000000000000000e+01,1.307045284660177060e+02
8.800000000000000000e+01,1.321788231608389026e+02
8.900000000000000000e+01,1.336577885087683910e+02
9.000000000000000000e+01,1.351333101742579288e+02
9.100000000000000000e+01,1.366143632741678289e+02
9.200000000000000000e+01,1.380930567534945510e+02
9.300000000000000000e+01,1.395722320319808034e+02
9.400000000000000000e+01,1.410531130186486166e+02
9.500000000000000000e+01,1.425358881799241431e+02
9.600000000000000000e+01,1.440236969441946258e+02
9.700000000000000000e+01,1.455138767565282478e+02
9.800000000000000000e+01,1.470050294604241685e+02
9.900000000000000000e+01,1.484984879810158134e+02
1.000000000000000000e+02,1.499840988068492607e+02
1.010000000000000000e+02,1.514672134134842452e+02
1.020000000000000000e+02,1.529473259741263860e+02
1.030000000000000000e+02,1.544257249731975605e+02
1.040000000000000000e+02,1.559110025807702016e+02
1.050000000000000000e+02,1.573969502445977184e+02
1.060000000000000000e+02,1.588903483150145348e+02
1.070000000000000000e+02,1.603808848208278164e+02
1.080000000000000000e+02,1.618618922151736967e+02
1.090000000000000000e+02,1.633504657524445065e+02
1.100000000000000000e+02,1.648447803388378361e+02
1.110000000000000000e+02,1.663313801423646510e+02
1.120000000000000000e+02,1.678155693732602174e+02
1.130000000000000000e+02,1.693009788242821969e+02
1.140000000000000000e+02,1.707851940214275146e+02
1.150000000000000000e+02,1.722649165113717800e+02
1.160000000000000000e+02,1.737504655422458484e+02
1.170000000000000000e+02,1.752369827872033170e+02
1.180000000000000000e+02,1.767258903876160332e+02
1.190000000000000000e+02,1.782165139490732315e+02
1.200000000000000000e+02,1.797091324274938984e+02
1.210000000000000000e+02,1.812007505717174354e+02
1.220000000000000000e+02,1.826937297097730379e+02
1.230000000000000000e+02,1.841866123832362803e+02
1.240000000000000000e+02,1.856784734545114475e+02
1.250000000000000000e+02,1.871651493272477467e+02
1.260000000000000000e+02,1.886525315080147891e+02
1.270000000000000000e+02,1.901387484498328320e+02
1.280000000000000000e+02,1.916207087411512191e+02
1.290000000000000000e+02,1.931036611236490899e+02
1.300000000000000000e+02,1.945814551704386872e+02
1.310000000000000000e+02,1.960589082451040213e+02
1.320000000000000000e+02,1.975386155920194540e+02
1.330000000000000000e+02,1.990158367429032182e+02
1.340000000000000000e+02,2.004908005072103947e+02
1.350000000000000000e+02,2.019697092156964970e+02
1.360000000000000000e+02,2.034477042994109297e+02
1.370000000000000000e+02,2.049244175426616437e+02
1.380000000000000000e+02,2.064022071556288438e+02
1.390000000000000000e+02,2.078871260688288203e+02
1.400000000000000000e+02,2.093768617326789183e+02
1.410000000000000000e+02,2.108676478906420186e+02
1.420000000000000000e+02,2.123579008817162617e+02
1.430000000000000000e+02,2.138447830854659344e+02
1.440000000000000000e+02,2.153242280938254680e+02
1.450000000000000000e+02,2.168059631272168133e+02
1.460000000000000000e+02,2.182787473134412437e+02
1.470000000000000000e+02,2.197498352531915202e+02
1.480000000000000000e+02,2.212245353630717091e+02
1.490000000000000000e+02,2.227040764104821733e+02
1.500000000000000000e+02,2.241798708975170200e+02
1.510000000000000000e+02,2.256572464729416367e+02
1.520000000000000000e+02,2.271393521207787671e+02
1.530000000000000000e+02,2.286274697823319855e+02
1.540000000000000000e+02,2.301242193476543889e+02
1.550000000000000000e+02,2.316200663872646430e+02
1.560000000000000000e+02,2.331147792861463302e+02
1.570000000000000000e+02,2.346164002900183050e+02
1.580000000000000000e+02,2.361112673735087810e+02
1.590000000000000000e+02,2.375975999751368022e+02
1.600000000000000000e+02,2.390897427909979172e+02
1.610000000000000000e+02,2.405752439693726501e+02
1.620000000000000000e+02,2.420615244871156051e+02
1.630000000000000000e+02,2.435512118269546136e+02
1.640000000000000000e+02,2.450409868464230669e+02
1.650000000000000000e+02,2.465317226469742025e+02
1.660000000000000000e+02,2.480121760041364496e+02
1.670000000000000000e+02,2.494928180580854757e+02
1.680000000000000000e+02,2.509763270234606409e+02
1.690000000000000000e+02,2.524676573438877369e+02
1.700000000000000000e+02,2.539640630338815868e+02
1.710000000000000000e+02,2.554590380491102053e+02
1.720000000000000000e+02,2.569527638704798846e+02
1.730000000000000000e+02,2.584509177681762822e+02
1.740000000000000000e+02,2.599496144211450428e+02
1.750000000000000000e+02,2.614534835783161952e+02
1.760000000000000000e+02,2.629558690581809515e+02
1.770000000000000000e+02,2.644563616617088542e+02
1.780000000000000000e+02,2.659584561546288910e+02
1.790000000000000000e+02,2.674637023323281824e+02
1.800000000000000000e+02,2.689744382481792400e+02
1.810000000000000000e+02,2.704824713807696526e+02
1.820000000000000000e+02,2.719849691195076957e+02
1.830000000000000000e+02,2.734908773433065790e+02
1.840000000000000000e+02,2.749981986508793170e+02
1.850000000000000000e+02,2.765076982036927120e+02
1.860000000000000000e+02,2.780282296358502663e+02
1.870000000000000000e+02,2.795438580278812992e+02
1.880000000000000000e+02,2.810546751712820424e+02
1.890000000000000000e+02,2.825763279132419825e+02
1.900000000000000000e+02,2.841005861616861239e+02
1.910000000000000000e+02,2.856277688729421698e+02
1.920000000000000000e+02,2.871564772917006962e+02
1.930000000000000000e+02,2.886803079132628795e+02
1.940000000000000000e+02,2.902002162257550140e+02
1.950000000000000000e+02,2.917228575839099562e+02
1.960000000000000000e+02,2.932436471775439486e+02
1.970000000000000000e+02,2.947658636720292975e+02
1.980000000000000000e+02,2.962865390464430675e+02
1.990000000000000000e+02,2.978073099734702396e+02
2.000000000000000000e+02,2.993264241645421748e+02
2.010000000000000000e+02,3.008464856917877341e+02
2.020000000000000000e+02,3.023706573969229225e+02
2.030000000000000000e+02,3.038901811300145823e+02
2.040000000000000000e+02,3.054178729112072119e+02
2.050000000000000000e+02,3.069470848435535686e+02
2.060000000000000000e+02,3.084726170093758242e+02
2.070000000000000000e+02,3.099975221597347854e+02
2.080000000000000000e+02,3.115212843770227664e+02
2.090000000000000000e+02,3.130492631196092930e+02
2.100000000000000000e+02,3.145715775313300355e+02
2.110000000000000000e+02,3.160908785506712206e+02
2.120000000000000000e+02,3.176114250455470369e+02
2.130000000000000000e+02,3.191280463205011415e+02
2.140000000000000000e+02,3.206516156997464577e+02
2.150000000000000000e+02,3.221667798102207030e+02
2.160000000000000000e+02,3.236808951658060778e+02
2.170000000000000000e+02,3.251941754476878259e+02
2.180000000000000000e+02,3.267076658954743493e+02
2.190000000000000000e+02,3.282128295209004136e+02
2.200000000000000000e+02,3.297279433375828717e+02
2.210000000000000000e+02,3.312292384707594692e+02
2.220000000000000000e+02,3.327342067146598765e+02
2.230000000000000000e+02,3.342386087008875961e+02
2.240000000000000000e+02,3.357497030685491382e+02
2.250000000000000000e+02,3.372599862108328921e+02
2.260000000000000000e+02,3.387732427394405477e+02
2.270000000000000000e+02,3.402888802556025212e+02
2.280000000000000000e+02,3.418034857600678720e+02
2.290000000000000000e+02,3.433177355723444180e+02
2.300000000000000000e+02,3.448391775934824750e+02
2.310000000000000000e+02,3.463593809448184970e+02
2.320000000000000000e+02,3.478825452967242313e+02
2.330000000000000000e+02,3.494001194200349687e+02
2.340000000000000000e+02,3.509164481091361267e+02
2.350000000000000000e+02,3.524347789941987230e+02
2.360000000000000000e+02,3.539550530899506953e+02
2.370000000000000000e+02,3.554793139347436295e+02
2.380000000000000000e+02,3.570014660242038644e+02
2.390000000000000000e+02,3.585240038074246058e+02
2.400000000000000000e+02,3.600377605538606645e+02
2.410000000000000000e+02,3.615532057824373169e+02
2.420000000000000000e+02,3.630695656847485679e+02
2.430000000000000000e+02,3.645949829611736277e+02
2.440000000000000000e+02,3.661171254063264087e+02
2.450000000000000000e+02,3.676386420161423985e+02
2.460000000000000000e+02,3.691610083053472522e+02
2.470000000000000000e+02,3.706824054796347809e+02
2.480000000000000000e+02,3.721992057469382758e+02
2.490000000000000000e+02,3.737157469473248170e+02
2.500000000000000000e+02,3.752308020301069860e+02
2.510000000000000000e+02,3.767501211041607689e+02
2.520000000000000000e+02,3.782651553239306850e+02
2.530000000000000000e+02,3.797840083252681893e+02
2.540000000000000000e+02,3.812958173695033679e+02
2.550000000000000000e+02,3.828104236210184013e+02
2.560000000000000000e+02,3.843179994080335291e+02
2.570000000000000000e+02,3.858301264303603944e+02
2.580000000000000000e+02,3.873457840435933690e+02
2.590000000000000000e+02,3.888611682185087375e+02
2.600000000000000000e+02,3.903792197298613473e+02
2.610000000000000000e+02,3.919036644195267627e+02
2.620000000000000000e+02,3.934347128531834983e+02
2.630000000000000000e+02,3.949588193238798226e+02
2.640000000000000000e+02,3.964938525216740004e+02
2.650000000000000000e+02,3.980319873592426916e+02
2.660000000000000000e+02,3.995740501111802701e+02
2.670000000000000000e+02,4.011105981030369776e+02
2.680000000000000000e+02,4.026522501764878257e+02
2.690000000000000000e+02,4.041896600893068126e+02
2.700000000000000000e+02,4.057279676356951654e+02
2.710000000000000000e+02,4.072681051595787380e+02
2.720000000000000000e+02,4.088150875602327687e+02
2.730000000000000000e+02,4.103645368986246922e+02
2.740000000000000000e+02,4.119133300446607109e+02
2.750000000000000000e+02,4.134597901196101475e+02
2.760000000000000000e+02,4.150031872496790015e+02
2.770000000000000000e+02,4.165487405447826745e+02
2.780000000000000000e+02,4.180979698984054380e+02
2.790000000000000000e+02,4.196457171032830615e+02
2.800000000000000000e+02,4.211944534972823817e+02
2.810000000000000000e+02,4.227380951191923373e+02
2.820000000000000000e+02,4.242822162753301996e+02
2.830000000000000000e+02,4.258250814201676917e+02
2.840000000000000000e+02,4.273683924071071942e+02
2.850000000000000000e+02,4.289158427944850587e+02
2.860000000000000000e+02,4.304591555522007980e+02
2.870000000000000000e+02,4.319891481196159475e+02
2.880000000000000000e+02,4.335301745666753845e+02
2.890000000000000000e+02,4.350804094026837561e+02
2.900000000000000000e+02,4.366318560784542910e+02
2.910000000000000000e+02,4.381761961890236421e+02
2.920000000000000000e+02,4.397222883320644087e+02
2.930000000000000000e+02,4.412781352920785594e+02
2.940000000000000000e+02,4.428318833657633036e+02
2.950000000000000000e+02,4.443769215314110852e+02
2.960000000000000000e+02,4.459258082272062325e+02
2.970000000000000000e+02,4.474737494125928947e+02
2.980000000000000000e+02,4.490237878251423354e+02
2.990000000000000000e+02,4.505726816471912457e+02
3.000000000000000000e+02,4.521209437043052048e+02
3.010000000000000000e+02,4.536688770828026804e+02
3.020000000000000000e+02,4.552120214587740747e+02
3.030000000000000000e+02,4.567549384694195282e+02
3.040000000000000000e+02,4.582998695551859214e+02
3.050000000000000000e+02,4.598451720057947796e+02
3.060000000000000000e+02,4.613806351885078243e+02
3.070000000000000000e+02,4.629210996990746025e+02
3.080000000000000000e+02,4.644667290764830909e+02
3.090000000000000000e+02,4.660062976268168313e+02
3.100000000000000000e+02,4.675545988640231485e+02
3.110000000000000000e+02,4.691044552705528190e+02
3.120000000000000000e+02,4.706454510868179000e+02
3.130000000000000000e+02,4.721831504462643920e+02
3.140000000000000000e+02,4.737215370267054482e+02
3.150000000000000000e+02,4.752538384201360486e+02
3.160000000000000000e+02,4.767938725811365543e+02
3.170000000000000000e+02,4.783303456565528222e+02
3.180000000000000000e+02,4.798657258334943094e+02
3.190000000000000000e+02,4.813925511392596945e+02
3.200000000000000000e+02,4.829166078214195181e+02
3.210000000000000000e+02,4.844423786026209768e+02
3.220000000000000000e+02,4.859645914149575106e+02
3.230000000000000000e+02,4.874853355201385625e+02
3.240000000000000000e+02,4.890068370685463606e+02
3.250000000000000000e+02,4.905261662234822779e+02
3.260000000000000000e+02,4.920457084176693456e+02
3.270000000000000000e+02,4.935699705499612264e+02
3.280000000000000000e+02,4.950881422464638604e+02
3.290000000000000000e+02,4.966033986507006261e+02
3.300000000000000000e+02,4.981275047128464735e+02
3.310000000000000000e+02,4.996518168539520275e+02
3.320000000000000000e+02,5.011718120263104765e+02
3.330000000000000000e+02,5.026917230097943730e+02
3.340000000000000000e+02,5.042157171567254750e+02
3.350000000000000000e+02,5.057331783564643501e+02
3.360000000000000000e+02,5.072544569577785865e+02
3.370000000000000000e+02,5.087713351595809854e+02
3.380000000000000000e+02,5.102915150465262855e+02
3.390000000000000000e+02,5.118158118735310040e+02
3.400000000000000000e+02,5.133328028780100567e+02
3.410000000000000000e+02,5.148545116317121710e+02
3.420000000000000000e+02,5.163733650666591757e+02
3.430000000000000000e+02,5.178920721052041927e+02
3.440000000000000000e+02,5.194076529911092166e+02
3.450000000000000000e+02,5.209293489453239090e+02
3.460000000000000000e+02,5.224534599187865069e+02
3.470000000000000000e+02,5.239692860524455682e+02
3.480000000000000000e+02,5.254914234136156210e+02
3.490000000000000000e+02,5.270093137640750456e+02
3.500000000000000000e+02,5.285321849599921507e+02
3.510000000000000000e+02,5.300480692990062153e+02
3.520000000000000000e+02,5.315642968090609202e+02
3.530000000000000000e+02,5.330691031038979872e+02
3.540000000000000000e+02,5.345780170777189824e+02
3.550000000000000000e+02,5.360964799131376139e+02
3.560000000000000000e+02,5.376143705217442630e+02
3.570000000000000000e+02,5.391382340586380906e+02
3.580000000000000000e+02,5.406533384873790737e+02
3.590000000000000000e+02,5.421699839681482445e+02
3.600000000000000000e+02,5.436827188627041778e+02
3.610000000000000000e+02,5.452042808863574237e+02
3.620000000000000000e+02,5.467280760861847284e+02
3.630000000000000000e+02,5.482473386286487766e+02
3.640000000000000000e+02,5.497638045374765170e+02
3.650000000000000000e+02,5.512784600601654574e+02
3.660000000000000000e+02,5.527983047730606359e+02
3.670000000000000000e+02,5.543282511862215642e+02
3.680000000000000000e+02,5.558560516589827785e+02
3.690000000000000000e+02,5.573813464572625662e+02
3.700000000000000000e+02,5.589138476770165198e+02
3.710000000000000000e+02,5.604428136136962166e+02
3.720000000000000000e+02,5.619621738334979000e+02
3.730000000000000000e+02,5.634859183584409266e+02
3.740000000000000000e+02,5.650059349218021225e+02
3.750000000000000000e+02,5.665244060197823046e+02
3.760000000000000000e+02,5.680407193857446373e+02
3.770000000000000000e+02,5.695711280967157109e+02
3.780000000000000000e+02,5.710983222736155085e+02
3.790000000000000000e+02,5.726273734208483575e+02
3.800000000000000000e+02,5.741568798591604263e+02
3.810000000000000000e+02,5.756766368006736911e+02
3.820000000000000000e+02,5.772039527274081365e+02
3.830000000000000000e+02,5.787278423274688066e+02
3.840000000000000000e+02,5.802588503202446191e+02
3.850000000000000000e+02,5.817925569457376014e+02
3.860000000000000000e+02,5.833249983023930554e+02
3.870000000000000000e+02,5.848470656460996224e+02
3.880000000000000000e+02,5.863573136159849355e+02
3.890000000000000000e+02,5.878838689240782287e+02
3.900000000000000000e+02,5.893985926951227157e+02
3.910000000000000000e+02,5.909186856657078124e+02
3.920000000000000000e+02,5.924338029832670145e+02
3.930000000000000000e+02,5.939499414631803802e+02
3.940000000000000000e+02,5.954583444695327898e+02
3.950000000000000000e+02,5.969681574728579108e+02
3.960000000000000000e+02,5.984663907051573233e+02
3.970000000000000000e+02,5.999636238992841299e+02
3.980000000000000000e+02,6.014588380723185992e+02
3.990000000000000000e+02,6.029518400903497195e+02
4.000000000000000000e+02,6.044471597467389756e+02
4.010000000000000000e+02,6.059451246778104405e+02
4.020000000000000000e+02,6.074473509197872545e+02
4.030000000000000000e+02,6.089514704795059288e+02
4.040000000000000000e+02,6.104632556197794884e+02
4.050000000000000000e+02,6.119656206261460056e+02
4.060000000000000000e+02,6.134608158639106250e+02
4.070000000000000000e+02,6.149607885465135269e+02
4.080000000000000000e+02,6.164617060697512443e+02
4.090000000000000000e+02,6.179580501857823265e+02
4.100000000000000000e+02,6.194426551882621652e+02
4.110000000000000000e+02,6.209334493118404907e+02
4.120000000000000000e+02,6.224184763757413066e+02
4.130000000000000000e+02,6.239167623591547454e+02
4.140000000000000000e+02,6.254132260717502731e+02
4.150000000000000000e+02,6.269084472094742750e+02
4.160000000000000000e+02,6.284020602682004437e+02
4.170000000000000000e+02,6.298970926856263759e+02
4.180000000000000000e+02,6.313927351917450324e+02
4.190000000000000000e+02,6.328962533062134526e+02
4.200000000000000000e+02,6.344069955678593260e+02
4.210000000000000000e+02,6.359177388726594700e+02
4.220000000000000000e+02,6.374198796351668079e+02
4.230000000000000000e+02,6.389185250551576019e+02
4.240000000000000000e+02,6.404276342198714929e+02
4.250000000000000000e+02,6.419385257016349442e+02
4.260000000000000000e+02,6.434497114626645953e+02
4.270000000000000000e+02,6.449673271644079477e+02
4.280000000000000000e+02,6.464782305042843973e+02
4.290000000000000000e+02,6.479971212295806708e+02
4.300000000000000000e+02,6.495165477094592461e+02
4.310000000000000000e+02,6.510296731487699162e+02
4.320000000000000000e+02,6.525374491345936576e+02
4.330000000000000000e+02,6.540455618743442301e+02
4.340000000000000000e+02,6.555566578103582742e+02
4.350000000000000000e+02,6.570724167752418907e+02
4.360000000000000000e+02,6.585935438750472031e+02
4.370000000000000000e+02,6.600974614820173656e+02
4.380000000000000000e+02,6.616103373600805071e+02
4.390000000000000000e+02,6.631167277085233991e+02
4.400000000000000000e+02,6.646191214922379231e+02
4.410000000000000000e+02,6.661226423187447381e+02
4.420000000000000000e+02,6.676426208638785056e+02
4.430000000000000000e+02,6.691618652777075340e+02
4.440000000000000000e+02,6.706785163627733937e+02
4.450000000000000000e+02,6.721914106161502787e+02
4.460000000000000000e+02,6.737117414322229934e+02
4.470000000000000000e+02,6.752272144430359049e+02
4.480000000000000000e+02,6.767392857112353113e+02
4.490000000000000000e+02,6.782525259157192750e+02
4.500000000000000000e+02,6.797567597156318016e+02
4.510000000000000000e+02,6.812624514444037231e+02
4.520000000000000000e+02,6.827676781873581149e+02
4.530000000000000000e+02,6.842736994303402298e+02
4.540000000000000000e+02,6.857906247077169155e+02
4.550000000000000000e+02,6.873009249175058812e+02
4.560000000000000000e+02,6.888150075581593228e+02
4.570000000000000000e+02,6.903511271461728711e+02
4.580000000000000000e+02,6.918793534496936672e+02
4.590000000000000000e+02,6.934142953036673589e+02
4.600000000000000000e+02,6.949505316399895491e+02
4.610000000000000000e+02,6.964911715352108104e+02
4.620000000000000000e+02,6.980326015707069018e+02
4.630000000000000000e+02,6.995757143335647470e+02
4.640000000000000000e+02,7.011235207936693996e+02
4.650000000000000000e+02,7.026756456456938622e+02
4.660000000000000000e+02,7.042337245799747052e+02
4.670000000000000000e+02,7.057921196643877693e+02
4.680000000000000000e+02,7.073466312446112170e+02
4.690000000000000000e+02,7.089020712444365699e+02
4.700000000000000000e+02,7.104581058098450512e+02
4.710000000000000000e+02,7.120149817871100595e+02
4.720000000000000000e+02,7.135773035125897650e+02
4.730000000000000000e+02,7.151309881332476834e+02
4.740000000000000000e+02,7.166848709594701177e+02
4.750000000000000000e+02,7.182240365719916326e+02
4.760000000000000000e+02,7.197678783031465173e+02
4.770000000000000000e+02,7.213192429577267148e+02
4.780000000000000000e+02,7.228710730437312577e+02
4.790000000000000000e+02,7.244170857983338010e+02
4.800000000000000000e+02,7.259497029281534424e+02
4.810000000000000000e+02,7.274791542140219462e+02
4.820000000000000000e+02,7.290044975769391158e+02
4.830000000000000000e+02,7.305312000970729969e+02
4.840000000000000000e+02,7.320551942081518746e+02
4.850000000000000000e+02,7.335805646542047498e+02
4.860000000000000000e+02,7.351137098773908747e+02
4.870000000000000000e+02,7.366452481213340207e+02
4.880000000000000000e+02,7.381780603554866502e+02
4.890000000000000000e+02,7.397056781007418067e+02
4.900000000000000000e+02,7.412275585283908867e+02
4.910000000000000000e+02,7.427672466430353779e+02
4.920000000000000000e+02,7.443011245947698171e+02
4.930000000000000000e+02,7.458507188859003918e+02
4.940000000000000000e+02,7.474061865372416378e+02
4.950000000000000000e+02,7.489637005770969154e+02
4.960000000000000000e+02,7.505127313791425649e+02
4.970000000000000000e+02,7.520633340778163074e+02
4.980000000000000000e+02,7.536150773921485779e+02
4.990000000000000000e+02,7.551621095072706566e+02
5.000000000000000000e+02,7.567110186784008192e+02
5.010000000000000000e+02,7.582548817498111475e+02
5.020000000000000000e+02,7.598118719539227186e+02
5.030000000000000000e+02,7.613742307393554256e+02
5.040000000000000000e+02,7.629363328140078693e+02
5.050000000000000000e+02,7.644785268880349349e+02
5.060000000000000000e+02,7.660170035286375878e+02
5.070000000000000000e+02,7.675517214558269643e+02
5.080000000000000000e+02,7.690811863418691701e+02
5.090000000000000000e+02,7.706118766512183811e+02
5.100000000000000000e+02,7.721348088822733189e+02
5.110000000000000000e+02,7.736534261672670709e+02
5.120000000000000000e+02,7.751580974642844239e+02
5.130000000000000000e+02,7.766645339967564041e+02
5.140000000000000000e+02,7.781714451404217243e+02
5.150000000000000000e+02,7.796783058948994949e+02
5.160000000000000000e+02,7.811775852583655251e+02
5.170000000000000000e+02,7.826713028466580226e+02
5.180000000000000000e+02,7.841640434007390468e+02
5.190000000000000000e+02,7.856625111977666620e+02
5.200000000000000000e+02,7.871499035518945675e+02
5.210000000000000000e+02,7.886315126175574051e+02
5.220000000000000000e+02,7.901179710218913215e+02
5.230000000000000000e+02,7.915999871335412763e+02
5.240000000000000000e+02,7.930849391469985221e+02
5.250000000000000000e+02,7.945595979978508012e+02
5.260000000000000000e+02,7.960349111899935224e+02
5.270000000000000000e+02,7.975212836946126345e+02
5.280000000000000000e+02,7.990189892428968506e+02
5.290000000000000000e+02,8.005300939287482151e+02
5.300000000000000000e+02,8.020344506511005420e+02
5.310000000000000000e+02,8.035434437389641289e+02
5.320000000000000000e+02,8.050488809061423581e+02
5.330000000000000000e+02,8.065449760356599427e+02
5.340000000000000000e+02,8.080368931027273902e+02
5.350000000000000000e+02,8.095338305775757135e+02
5.360000000000000000e+02,8.110230648353229981e+02
5.370000000000000000e+02,8.125103039271224361e+02
5.380000000000000000e+02,8.140036201563522127e+02
5.390000000000000000e+02,8.155031231629346848e+02
5.400000000000000000e+02,8.169993605326579882e+02
5.410000000000000000e+02,8.185003212821898160e+02
5.420000000000000000e+02,8.200000610473526876e+02
5.430000000000000000e+02,8.214976962747533662e+02
5.440000000000000000e+02,8.229863132081433150e+02
5.450000000000000000e+02,8.244887452071819780e+02
5.460000000000000000e+02,8.259882008868340790e+02
5.470000000000000000e+02,8.274807737414679423e+02
5.480000000000000000e+02,8.289751843214197606e+02
5.490000000000000000e+02,8.304847193180058866e+02
5.500000000000000000e+02,8.319929709189312916e+02
5.510000000000000000e+02,8.335070824175096504e+02
5.520000000000000000e+02,8.350120501863244726e+02
5.530000000000000000e+02,8.365089205458288006e+02
5.540000000000000000e+02,8.380201317076578107e+02
5.550000000000000000e+02,8.395247194723751818e+02
5.560000000000000000e+02,8.410299498016320285e+02
5.570000000000000000e+02,8.425349085700054275e+02
5.580000000000000000e+02,8.440371762623163931e+02
5.590000000000000000e+02,8.455339549598365920e+02
5.600000000000000000e+02,8.470335760008628085e+02
5.610000000000000000e+02,8.485538652022411270e+02
5.620000000000000000e+02,8.500677138260850825e+02
5.630000000000000000e+02,8.515785174056816231e+02
5.640000000000000000e+02,8.530814755698099816e+02
5.650000000000000000e+02,8.545707393232768254e+02
5.660000000000000000e+02,8.560675316281511869e+02
5.670000000000000000e+02,8.575531843618617813e+02
5.680000000000000000e+02,8.590456332042584791e+02
5.690000000000000000e+02,8.605324053921370933e+02
5.700000000000000000e+02,8.620133654872541911e+02
5.710000000000000000e+02,8.635043152159040574e+02
5.720000000000000000e+02,8.649994865309689658e+02
5.730000000000000000e+02,8.664813089000385844e+02
5.740000000000000000e+02,8.679635147927469916e+02
5.750000000000000000e+02,8.694632653717532094e+02
5.760000000000000000e+02,8.709721609768026838e+02
5.770000000000000000e+02,8.724789993507569079e+02
5.780000000000000000e+02,8.739754191932156573e+02
5.790000000000000000e+02,8.754829493865209997e+02
5.800000000000000000e+02,8.769750361426071095e+02
5.810000000000000000e+02,8.784842718716238323e+02
5.820000000000000000e+02,8.799809338903488651e+02
5.830000000000000000e+02,8.815017075091881225e+02
5.840000000000000000e+02,8.830332112719046336e+02
5.850000000000000000e+02,8.845683252252994180e+02
5.860000000000000000e+02,8.861073380140775271e+02
5.870000000000000000e+02,8.876416547257764478e+02
5.880000000000000000e+02,8.891785228417852522e+02
5.890000000000000000e+02,8.907057283392077807e+02
5.900000000000000000e+02,8.922431783809182662e+02
5.910000000000000000e+02,8.937815459935469562e+02
5.920000000000000000e+02,8.953095751049926321e+02
5.930000000000000000e+02,8.968496036942456158e+02
5.940000000000000000e+02,8.983863825078993841e+02
5.950000000000000000e+02,8.999357479267705457e+02
5.960000000000000000e+02,9.014963272551510727e+02
5.970000000000000000e+02,9.030404445479078959e+02
5.980000000000000000e+02,9.045857796984332708e+02
5.990000000000000000e+02,9.061268704697072280e+02
6.000000000000000000e+02,9.076739955177450838e+02
6.010000000000000000e+02,9.092123614457004805e+02
6.020000000000000000e+02,9.107461582482341100e+02
6.030000000000000000e+02,9.122687753558581107e+02
6.040000000000000000e+02,9.138082083591250466e+02
6.050000000000000000e+02,9.153474908987071785e+02
6.060000000000000000e+02,9.168967505026542995e+02
6.070000000000000000e+02,9.184463362433571092e+02
6.080000000000000000e+02,9.200151338731448050e+02
6.090000000000000000e+02,9.215749656570561683e+02
6.100000000000000000e+02,9.231177844323632371e+02
6.110000000000000000e+02,9.246623547412892776e+02
6.120000000000000000e+02,9.261962329570982320e+02
6.130000000000000000e+02,9.277103189810309232e+02
6.140000000000000000e+02,9.292234955545898174e+02
6.150000000000000000e+02,9.307398928264233291e+02
6.160000000000000000e+02,9.322447167055114505e+02
6.170000000000000000e+02,9.337494063036050420e+02
6.180000000000000000e+02,9.352391933310098011e+02
6.190000000000000000e+02,9.367462467038344585e+02
6.200000000000000000e+02,9.382662042904008786e+02
6.210000000000000000e+02,9.397685712959113289e+02
6.220000000000000000e+02,9.412627549044933630e+02
6.230000000000000000e+02,9.427406716347165911e+02
6.240000000000000000e+02,9.442200654361857914e+02
6.250000000000000000e+02,9.457183234949704911e+02
6.260000000000000000e+02,9.472158646806743718e+02
6.270000000000000000e+02,9.487173041960594446e+02
6.280000000000000000e+02,9.502215858340138084e+02
6.290000000000000000e+02,9.517239454305291702e+02
6.300000000000000000e+02,9.532383102471700340e+02
6.310000000000000000e+02,9.547587901253211840e+02
6.320000000000000000e+02,9.562668701672616862e+02
6.330000000000000000e+02,9.577790853320072983e+02
6.340000000000000000e+02,9.592895456598206465e+02
6.350000000000000000e+02,9.607875425732951271e+02
6.360000000000000000e+02,9.622808393877575099e+02
6.370000000000000000e+02,9.637560996073681281e+02
6.380000000000000000e+02,9.652418210881654659e+02
6.390000000000000000e+02,9.667011543516083520e+02
6.400000000000000000e+02,9.681776765451663778e+02
6.410000000000000000e+02,9.696461437972374142e+02
6.420000000000000000e+02,9.711348434143891382e+02
6.430000000000000000e+02,9.726207957580961647e+02
6.440000000000000000e+02,9.741259269710892568e+02
6.450000000000000000e+02,9.756219898803376509e+02
6.460000000000000000e+02,9.771090370178402509e+02
6.470000000000000000e+02,9.786191260375151160e+02
6.480000000000000000e+02,9.801334452442824841e+02
6.490000000000000000e+02,9.816651593727698355e+02
6.500000000000000000e+02,9.832029086766508499e+02
6.510000000000000000e+02,9.847356905110766547e+02
6.520000000000000000e+02,9.862594320902431946e+02
6.530000000000000000e+02,9.877796658572286788e+02
6.540000000000000000e+02,9.892936992370229063e+02
6.550000000000000000e+02,9.908272627037207485e+02
6.560000000000000000e+02,9.923522195092738230e+02
6.570000000000000000e+02,9.938703055668236175e+02
6.580000000000000000e+02,9.953929264814638600e+02
6.590000000000000000e+02,9.969032779425638182e+02
6.600000000000000000e+02,9.984501267837538308e+02
6.610000000000000000e+02,9.999984287639339300e+02
6.620000000000000000e+02,1.001537075174107258e+03
6.630000000000000000e+02,1.003065336716369529e+03
6.640000000000000000e+02,1.004587634308998645e+03
6.650000000000000000e+02,1.006113313338104149e+03
6.660000000000000000e+02,1.007650722841066113e+03
6.670000000000000000e+02,1.009175684086869069e+03
6.680000000000000000e+02,1.010681997392184030e+03
6.690000000000000000e+02,1.012203006306158272e+03
6.700000000000000000e+02,1.013724593163954978e+03
6.710000000000000000e+02,1.015249704376691852e+03
6.720000000000000000e+02,1.016787627591205023e+03
6.730000000000000000e+02,1.018323767801033796e+03
6.740000000000000000e+02,1.019858684842210891e+03
6.750000000000000000e+02,1.021380524290646008e+03
6.760000000000000000e+02,1.022909064969508449e+03
6.770000000000000000e+02,1.024430918435645481e+03
6.780000000000000000e+02,1.025939999291573258e+03
6.790000000000000000e+02,1.027457526642914900e+03
6.800000000000000000e+02,1.028955190047182214e+03
6.810000000000000000e+02,1.030456349166210202e+03
6.820000000000000000e+02,1.031971062821621899e+03
6.830000000000000000e+02,1.033497953558188101e+03
6.840000000000000000e+02,1.035005470734838354e+03
6.850000000000000000e+02,1.036516407316371669e+03
6.860000000000000000e+02,1.038009078770845008e+03
6.870000000000000000e+02,1.039488019756477343e+03
6.880000000000000000e+02,1.040946642569482265e+03
6.890000000000000000e+02,1.042410252873497711e+03
6.900000000000000000e+02,1.043853248299679308e+03
6.910000000000000000e+02,1.045303558531727276e+03
6.920000000000000000e+02,1.046755688754728453e+03
6.930000000000000000e+02,1.048208693640036245e+03
6.940000000000000000e+02,1.049660848594007575e+03
6.950000000000000000e+02,1.051122270757621891e+03
6.960000000000000000e+02,1.052560127142016881e+03
6.970000000000000000e+02,1.053973648580019926e+03
6.980000000000000000e+02,1.055379062621447019e+03
6.990000000000000000e+02,1.056783633771278119e+03
7.000000000000000000e+02,1.058206021702654425e+03
7.010000000000000000e+02,1.059626781381991805e+03
7.020000000000000000e+02,1.061052552332903588e+03
7.030000000000000000e+02,1.062486993859974973e+03
7.040000000000000000e+02,1.063931488470925387e+03
7.050000000000000000e+02,1.065381492593185612e+03
7.060000000000000000e+02,1.066835344084079679e+03
7.070000000000000000e+02,1.068270034828258076e+03
7.080000000000000000e+02,1.069704888872319316e+03
7.090000000000000000e+02,1.071131736302706713e+03
7.100000000000000000e+02,1.072564564095563355e+03
7.110000000000000000e+02,1.073980270726124218e+03
7.120000000000000000e+02,1.075423441007411384e+03
7.130000000000000000e+02,1.076883422458176938e+03
7.140000000000000000e+02,1.078354663582053035e+03
7.150000000000000000e+02,1.079837688215410935e+03
7.160000000000000000e+02,1.081335985817013352e+03
7.170000000000000000e+02,1.082814275358756049e+03
7.180000000000000000e+02,1.084307673293041262e+03
7.190000000000000000e+02,1.085813255753176691e+03
7.200000000000000000e+02,1.087320340335266337e+03
7.210000000000000000e+02,1.088831553482009895e+03
7.220000000000000000e+02,1.090321871526245559e+03
7.230000000000000000e+02,1.091828229442658767e+03
7.240000000000000000e+02,1.093316049436547473e+03
7.250000000000000000e+02,1.094825756094121061e+03
7.260000000000000000e+02,1.096330649868173850e+03
7.270000000000000000e+02,1.097819955911905254e+03
7.280000000000000000e+02,1.099293110869358543e+03
7.290000000000000000e+02,1.100778422770261614e+03
7.300000000000000000e+02,1.102266439785564899e+03
7.310000000000000000e+02,1.103766946724773106e+03
7.320000000000000000e+02,1.105277580116750869e+03
7.330000000000000000e+02,1.106765849840758392e+03
7.340000000000000000e+02,1.108241869292494130e+03
7.350000000000000000e+02,1.109731398814983095e+03
7.360000000000000000e+02,1.111220618351247595e+03
7.370000000000000000e+02,1.112711116316012067e+03
7.380000000000000000e+02,1.114191799008826820e+03
7.390000000000000000e+02,1.115653661227332577e+03
7.400000000000000000e+02,1.117112853579355487e+03
7.410000000000000000e+02,1.118557813379395384e+03
7.420000000000000000e+02,1.120015992980117289e+03
7.430000000000000000e+02,1.121454863402990668e+03
7.440000000000000000e+02,1.122889240151358990e+03
7.450000000000000000e+02,1.124342816797784963e+03
7.460000000000000000e+02,1.125802142086567983e+03
7.470000000000000000e+02,1.127256992181507940e+03
7.480000000000000000e+02,1.128712262642467067e+03
7.490000000000000000e+02,1.130169221847804010e+03
7.500000000000000000e+02,1.131672460555087127e+03
7.510000000000000000e+02,1.133164301233000515e+03
7.520000000000000000e+02,1.134664730003371915e+03
7.530000000000000000e+02,1.136166724168112523e+03
7.540000000000000000e+02,1.137662845463752546e+03
7.550000000000000000e+02,1.139145605999368854e+03
7.560000000000000000e+02,1.140620875515669240e+03
7.570000000000000000e+02,1.142094796143228223e+03
7.580000000000000000e+02,1.143564516083002218e+03
7.590000000000000000e+02,1.145019150765897393e+03
7.600000000000000000e+02,1.146454666751753166e+03
7.610000000000000000e+02,1.147881556623383403e+03
7.620000000000000000e+02,1.149293161369866311e+03
7.630000000000000000e+02,1.150715591599811432e+03
7.640000000000000000e+02,1.152149580871017633e+03
7.650000000000000000e+02,1.153608708428958835e+03
7.660000000000000000e+02,1.155047347731259379e+03
7.670000000000000000e+02,1.156481270673814151e+03
7.680000000000000000e+02,1.157919022262231465e+03
7.690000000000000000e+02,1.159342311581691547e+03
7.700000000000000000e+02,1.160751201230826155e+03
7.710000000000000000e+02,1.162161674275859696e+03
7.720000000000000000e+02,1.163577079364579731e+03
7.730000000000000000e+02,1.164988487574926921e+03
7.740000000000000000e+02,1.166409277825777053e+03
7.750000000000000000e+02,1.167857047335453899e+03
7.760000000000000000e+02,1.169282924718411095e+03
7.770000000000000000e+02,1.170697666848845529e+03
7.780000000000000000e+02,1.172136734986084321e+03
7.790000000000000000e+02,1.173564307758010727e+03
7.800000000000000000e+02,1.174998619512590949e+03
7.810000000000000000e+02,1.176406275102122663e+03
7.820000000000000000e+02,1.177809758466456060e+03
7.830000000000000000e+02,1.179223124021098556e+03
7.840000000000000000e+02,1.180653825099708229e+03
7.850000000000000000e+02,1.182095805262673366e+03
7.860000000000000000e+02,1.183522431375125052e+03
7.870000000000000000e+02,1.184943149793432895e+03
7.880000000000000000e+02,1.186333847482480905e+03
7.890000000000000000e+02,1.187730814442789097e+03
7.900000000000000000e+02,1.189117356220015381e+03
7.910000000000000000e+02,1.190517937428336609e+03
7.920000000000000000e+02,1.191922054996117367e+03
7.930000000000000000e+02,1.193338283369541841e+03
7.940000000000000000e+02,1.194712411846450095e+03
7.950000000000000000e+02,1.196093015055997512e+03
7.960000000000000000e+02,1.197484561160538533e+03
7.970000000000000000e+02,1.198873855898370493e+03
7.980000000000000000e+02,1.200274059928975021e+03
7.990000000000000000e+02,1.201681815977326323e+03
8.000000000000000000e+02,1.203102237197937711e+03
8.010000000000000000e+02,1.204490449951662640e+03
8.020000000000000000e+02,1.205873017552367855e+03
8.030000000000000000e+02,1.207274674052848923e+03
8.040000000000000000e+02,1.208688206587770537e+03
8.050000000000000000e+02,1.210110474920575143e+03
8.060000000000000000e+02,1.211493483425339718e+03
8.070000000000000000e+02,1.212847404276984435e+03
8.080000000000000000e+02,1.214179474937057876e+03
8.090000000000000000e+02,1.215504989894138134e+03
8.100000000000000000e+02,1.216852347204542866e+03
8.110000000000000000e+02,1.218172203814344584e+03
8.120000000000000000e+02,1.219458482108278304e+03
8.130000000000000000e+02,1.220759176233066682e+03
8.140000000000000000e+02,1.222113890499751506e+03
8.150000000000000000e+02,1.223468561455343433e+03
8.160000000000000000e+02,1.224818074115258923e+03
8.170000000000000000e+02,1.226188902402640906e+03
8.180000000000000000e+02,1.227565780327114908e+03
8.190000000000000000e+02,1.228943033708334497e+03
8.200000000000000000e+02,1.230322897316183116e+03
8.210000000000000000e+02,1.231709593908056831e+03
8.220000000000000000e+02,1.233095285236897780e+03
8.230000000000000000e+02,1.234462880712400647e+03
8.240000000000000000e+02,1.235835182474878820e+03
8.250000000000000000e+02,1.237243808681736027e+03
8.260000000000000000e+02,1.238631151864396088e+03
8.270000000000000000e+02,1.239998169705440887e+03
8.280000000000000000e+02,1.241339359812811381e+03
8.290000000000000000e+02,1.242682603371888945e+03
8.300000000000000000e+02,1.243988065068692549e+03
8.310000000000000000e+02,1.245321722335843560e+03
8.320000000000000000e+02,1.246672919343409603e+03
8.330000000000000000e+02,1.248047717673055331e+03
8.340000000000000000e+02,1.249420292221408545e+03
8.350000000000000000e+02,1.250769770098595700e+03
8.360000000000000000e+02,1.252151059946717396e+03
8.370000000000000000e+02,1.253572681784397901e+03
8.380000000000000000e+02,1.254978873091276000e+03
8.390000000000000000e+02,1.256379705099417833e+03
8.400000000000000000e+02,1.257789120450134305e+03
8.410000000000000000e+02,1.259209698952997542e+03
8.420000000000000000e+02,1.260593270099111578e+03
8.430000000000000000e+02,1.261954046555180639e+03
8.440000000000000000e+02,1.263333176928227658e+03
8.450000000000000000e+02,1.264734806779979408e+03
8.460000000000000000e+02,1.266123235479268260e+03
8.470000000000000000e+02,1.267523939014468851e+03
8.480000000000000000e+02,1.268921412861391445e+03
8.490000000000000000e+02,1.270333905340513184e+03
8.500000000000000000e+02,1.271786049925875659e+03
8.510000000000000000e+02,1.273235635689441324e+03
8.520000000000000000e+02,1.274699550797661459e+03
8.530000000000000000e+02,1.276122260510729802e+03
8.540000000000000000e+02,1.277568375003834262e+03
8.550000000000000000e+02,1.279053977313333235e+03
8.560000000000000000e+02,1.280534396453356749e+03
8.570000000000000000e+02,1.282023038853488288e+03
8.580000000000000000e+02,1.283529509619588453e+03
8.590000000000000000e+02,1.285094648353712955e+03
8.600000000000000000e+02,1.286644952429321165e+03
8.610000000000000000e+02,1.288134372123899993e+03
8.620000000000000000e+02,1.289643701400112150e+03
8.630000000000000000e+02,1.291176215842564716e+03
8.640000000000000000e+02,1.292715889440968340e+03
8.650000000000000000e+02,1.294258570883344419e+03
8.660000000000000000e+02,1.295837310192836412e+03
8.670000000000000000e+02,1.297446983697021551e+03
8.680000000000000000e+02,1.299035399042092877e+03
8.690000000000000000e+02,1.300641339697943067e+03
8.700000000000000000e+02,1.302219037726639726e+03
8.710000000000000000e+02,1.303761159834953332e+03
8.720000000000000000e+02,1.305306203538053296e+03
8.730000000000000000e+02,1.306850231459828819e+03
8.740000000000000000e+02,1.308377657748773345e+03
8.750000000000000000e+02,1.309931158495067166e+03
8.760000000000000000e+02,1.311487169472998403e+03
8.770000000000000000e+02,1.313093107807704428e+03
8.780000000000000000e+02,1.314693376140463670e+03
8.790000000000000000e+02,1.316284369152610452e+03
8.800000000000000000e+02,1.317874773449261738e+03
8.810000000000000000e+02,1.319461193358262335e+03
8.820000000000000000e+02,1.321044318551047809e+03
8.830000000000000000e+02,1.322639101678929364e+03
8.840000000000000000e+02,1.324257379681455859e+03
8.850000000000000000e+02,1.325862402622212358e+03
8.860000000000000000e+02,1.327457006440390842e+03
8.870000000000000000e+02,1.329025481921717528e+03
8.880000000000000000e+02,1.330594501580136694e+03
8.890000000000000000e+02,1.332130795958900080e+03
8.900000000000000000e+02,1.333711253681448397e+03
8.910000000000000000e+02,1.335284546644204056e+03
8.920000000000000000e+02,1.336847536826439637e+03
8.930000000000000000e+02,1.338479559191039471e+03
8.940000000000000000e+02,1.340131966663476533e+03
8.950000000000000000e+02,1.341781494671637347e+03
8.960000000000000000e+02,1.343421769665136935e+03
8.970000000000000000e+02,1.345086542991927672e+03
8.980000000000000000e+02,1.346683107363337740e+03
8.990000000000000000e+02,1.348269431480113326e+03
9.000000000000000000e+02,1.349867132367159002e+03
9.010000000000000000e+02,1.351408690698387772e+03
9.020000000000000000e+02,1.352960310525409795e+03
9.030000000000000000e+02,1.354596206032710597e+03
9.040000000000000000e+02,1.356246945451400961e+03
9.050000000000000000e+02,1.357955227306523511e+03
9.060000000000000000e+02,1.359602001699164248e+03
9.070000000000000000e+02,1.361239361836212083e+03
9.080000000000000000e+02,1.362881517965254943e+03
9.090000000000000000e+02,1.364494110386790908e+03
9.100000000000000000e+02,1.366178631702354551e+03
9.110000000000000000e+02,1.367889310665000721e+03
9.120000000000000000e+02,1.369557288823771387e+03
9.130000000000000000e+02,1.371141920364531188e+03
9.140000000000000000e+02,1.372752788060382272e+03
9.150000000000000000e+02,1.374363671723542211e+03
9.160000000000000000e+02,1.375990514954479522e+03
9.170000000000000000e+02,1.377504785151444594e+03
9.180000000000000000e+02,1.379022084928972845e+03
9.190000000000000000e+02,1.380573736467732260e+03
9.200000000000000000e+02,1.382136330052279391e+03
9.210000000000000000e+02,1.383743517932378836e+03
9.220000000000000000e+02,1.385371447479808467e+03
9.230000000000000000e+02,1.386935484749330271e+03
9.240000000000000000e+02,1.388484809543539541e+03
9.250000000000000000e+02,1.390089489897256954e+03
9.260000000000000000e+02,1.391712631401583167e+03
9.270000000000000000e+02,1.393338021044691004e+03
9.280000000000000000e+02,1.394977192730736988e+03
9.290000000000000000e+02,1.396754459738797095e+03
9.300000000000000000e+02,1.398484574842107349e+03
9.310000000000000000e+02,1.400280849395222958e+03
9.320000000000000000e+02,1.402160484790751980e+03
9.330000000000000000e+02,1.404014658060753391e+03
9.340000000000000000e+02,1.405860794961502279e+03
9.350000000000000000e+02,1.407682970972130533e+03
9.360000000000000000e+02,1.409562329916833050e+03
9.370000000000000000e+02,1.411420454875187488e+03
9.380000000000000000e+02,1.413146664401417638e+03
9.390000000000000000e+02,1.414896767035642597e+03
9.400000000000000000e+02,1.416544041742716900e+03
9.410000000000000000e+02,1.418205784703782911e+03
9.420000000000000000e+02,1.419759129980788202e+03
9.430000000000000000e+02,1.421363100531794544e+03
9.440000000000000000e+02,1.422895184057382039e+03
9.450000000000000000e+02,1.424302236671102719e+03
9.460000000000000000e+02,1.425725649671893734e+03
9.470000000000000000e+02,1.427084866156087173e+03
9.480000000000000000e+02,1.428589463756035002e+03
9.490000000000000000e+02,1.430175485078632619e+03
9.500000000000000000e+02,1.431669524276687525e+03
9.510000000000000000e+02,1.433210418285643755e+03
9.520000000000000000e+02,1.434761195788927125e+03
9.530000000000000000e+02,1.436357654292830603e+03
9.540000000000000000e+02,1.437847053316527308e+03
9.550000000000000000e+02,1.439314471162272184e+03
9.560000000000000000e+02,1.440728107270991131e+03
9.570000000000000000e+02,1.442260740984665745e+03
9.580000000000000000e+02,1.443883111893074783e+03
9.590000000000000000e+02,1.445397817648273076e+03
9.600000000000000000e+02,1.446879771806575491e+03
9.610000000000000000e+02,1.448341771849365841e+03
9.620000000000000000e+02,1.449700323821903794e+03
9.630000000000000000e+02,1.450957567876803296e+03
9.640000000000000000e+02,1.452232750715031443e+03
9.650000000000000000e+02,1.453625696066421369e+03
9.660000000000000000e+02,1.455059900494654585e+03
9.670000000000000000e+02,1.456390297026510780e+03
9.680000000000000000e+02,1.457785307329657599e+03
9.690000000000000000e+02,1.459057829467541296e+03
9.700000000000000000e+02,1.460192157647820295e+03
9.710000000000000000e+02,1.461397859323866214e+03
9.720000000000000000e+02,1.462590520835648476e+03
9.730000000000000000e+02,1.463886476262217002e+03
9.740000000000000000e+02,1.464898148566144528e+03
9.750000000000000000e+02,1.466159344225366112e+03
9.760000000000000000e+02,1.467436234579511165e+03
9.770000000000000000e+02,1.468543077253219508e+03
9.780000000000000000e+02,1.469751674305355891e+03
9.790000000000000000e+02,1.471094529808374318e+03
9.800000000000000000e+02,1.472455968146621444e+03
9.810000000000000000e+02,1.473698508737068551e+03
9.820000000000000000e+02,1.474881237754653512e+03
9.830000000000000000e+02,1.476210025285873598e+03
9.840000000000000000e+02,1.477859604091750953e+03
9.850000000000000000e+02,1.479576407806447833e+03
9.860000000000000000e+02,1.481867072314806819e+03
9.870000000000000000e+02,1.483580959226944515e+03
9.880000000000000000e+02,1.485638992111259313e+03
9.890000000000000000e+02,1.488004280662606106e+03
9.900000000000000000e+02,1.490335311902777676e+03
9.910000000000000000e+02,1.492984139732981930e+03
9.920000000000000000e+02,1.495629555713011314e+03
9.930000000000000000e+02,1.498178036774632346e+03
9.940000000000000000e+02,1.501420573413253351e+03
9.950000000000000000e+02,1.504770133416204317e+03
9.960000000000000000e+02,1.508514156856168938e+03
9.970000000000000000e+02,1.512049288687107037e+03
9.980000000000000000e+02,1.517213113130046167e+03
9.990000000000000000e+02,1.521176348394759316e+03
1.000000000000000000e+03,1.526497738547401696e+03
